<?xml version="1.0" encoding="utf-8" standalone="yes" ?>
<Window size="400,400" caption="0,0,0,60" bktrans="true" richeditcorner="200,80,10,177">
  <Font name="微软雅黑" size="14" default="true" />
  <Font name="微软雅黑" size="16"/>
  <Font name="微软雅黑" size="22"/>

  <VerticalLayout name="vlayout_background" bkimage="file='bk\bk1.jpg' source='0,0,1280,960' dest='0,0,400,400'" bordersize="2,2,2,2"  bordercolor="FF000000">
    <HorizontalLayout height="60">
     
    
    <HorizontalLayout name="hlayout_title" >
        <Label padding="14,5,0,0" width="24" height="24" bkimage="title\IconLog.png"/>
        <Label text="游戏收藏夹" padding="1,0,0,0" width="200" height="31" font="1" textcolor="#FF000000"/>
     </HorizontalLayout>
      <Button name="minbtn" width="31" height="29" normalimage="file='title\min.png' source='0,0,31,29'" hotimage="file='title\min.png' source='31,0,62,29'" pushedimage="file='title\min.png' source='62,0,93,29'" tooltip="最小化"/>
      <Button name="closebtn" width="45" height="29" normalimage="file='title\close.png' source='0,0,45,29'" hotimage="file='title\close.png' source='45,0,90,29'" pushedimage="file='title\close.png' source='90,0,135,29'" tooltip="关闭"/>
    </HorizontalLayout>
	<TileLayout name="MoreList" columns="5" />
  </VerticalLayout>
</Window>
