<?xml version="1.0" encoding="utf-8" standalone="yes" ?>
<Window size="324,262" caption="0,0,0,262" bktrans="true" >
<Font name="微软雅黑" size="14" default="true" />
<Font name="微软雅黑" size="16"/>
<Font name="微软雅黑" size="22"/>

 <VerticalLayout name="vlayout_background" bkimage="file='bk\cqbyGameBk.png' dest='0,0,324,262'" >
    <HorizontalLayout height="110"> <!-- 标题栏 -->
        <HorizontalLayout name="hlayout_title" >
            <Label bkimage="bk\cqbyLogo.png" width="173" height="110"/>
        </HorizontalLayout>
    </HorizontalLayout>

    <VerticalLayout> <!-- 主界面 -->
        <GifAnim bkimage="bk\gif1.gif" autoplay="true" autosize="true" />
    </VerticalLayout>

</VerticalLayout>
</Window>
