<?xml version="1.0" encoding="utf-8" standalone="yes" ?>
<Window size="484,320" caption="0,0,0,320" bktrans="true" >
<Font name="微软雅黑" size="14" default="true" />
<Font name="微软雅黑" size="16"/>
<Font name="微软雅黑" size="22"/>

 <VerticalLayout name="vlayout_background" bkimage="file='bk\srcsGameBk.png' dest='0,0,484,320'" >
    <HorizontalLayout height="123"> <!-- 标题栏 -->
        <HorizontalLayout name="hlayout_title" >
            <Label bkimage="bk\dmyLogo.png" width="282" height="123"/>
        </HorizontalLayout>
    </HorizontalLayout>

    <VerticalLayout> <!-- 主界面 -->
        <GifAnim bkimage="bk\gif1.gif" autoplay="true" autosize="true" />
    </VerticalLayout>

</VerticalLayout>
</Window>
