<?xml version="1.0" encoding="utf-8" standalone="yes" ?>
<Window size="170,170" caption="0,0,0,170" bktrans="true" >
<Font name="微软雅黑" size="14" default="true" />
<Font name="微软雅黑" size="16"/>
<Font name="微软雅黑" size="22"/>

 <VerticalLayout name="vlayout_background" bkimage="bk\BubbleTip.png" >
    <HorizontalLayout height="30"> <!-- 标题栏 -->
      <HorizontalLayout name="1"/>
      <Button name="closebtn" width="45" height="29" normalimage="file='title\close.png' source='0,0,45,29'" hotimage="file='title\close.png' source='45,0,90,29'" pushedimage="file='title\close.png' source='0,0,45,29'" tooltip="关闭"/>
    </HorizontalLayout>
</VerticalLayout>
</Window>
