<?xml version="1.0" encoding="utf-8" standalone="yes" ?>
<Window size="400,330" caption="0,0,0,330" bktrans="true" >
<Font name="微软雅黑" size="14" default="true" />
<Font name="微软雅黑" size="16"/>
<Font name="微软雅黑" size="22"/>

 <VerticalLayout name="vlayout_background" bkimage="file='bk\background.png' dest='0,0,400,330'" >
    <HorizontalLayout height="100"> <!-- 标题栏 -->
        <HorizontalLayout name="hlayout_title" >
            <Label bkimage="bk\sgqxzLogo.png" width="200" height="93"/>
        </HorizontalLayout>
    </HorizontalLayout>

    <VerticalLayout> <!-- 主界面 -->
        <GifAnim bkimage="bk\gif1.gif" autoplay="true" autosize="true" />
    </VerticalLayout>

</VerticalLayout>
</Window>
