<?xml version="1.0" encoding="utf-8"?>
<Window showshadow="true" shadowimage="menu\shadow.png" shadowcorner="23,13,23,33">
  <Font name="微软雅黑" size="12" bold="false" default="true" />
  <Font name="微软雅黑" size="12" bold="true"/>

  <!-- Menu标签的属性要通过Default来定义，为了让下级菜单也能拥有同样的外观 -->
  <Default name="Menu" value="bordersize=&quot;1&quot; borderround=&quot;1,1&quot; bordercolor=&quot;0xFF303132&quot; inset=&quot;2,2,2,2&quot; itemtextpadding=&quot;30,0,0,0&quot; bkimage=&quot;file='menu\menu_bk.png' corner='26,2,2,2' source='6,6,44,24'&quot; itemselectedbkcolor=&quot;0xFF338ACA&quot;" />
  <!-- ExplandIcon属性定义了下级菜单的小图标的样子 -->
  <Default name="ExplandIcon" value="menu\menu_expand.png" />

  <Menu>
    <MenuElement name="RunExe" text="运行软件" width="130" icon="menu\RunExe.png"  iconsize="16,16" />
    <MenuElement name="OpenFolder" text="打开文件位置"  width="130" icon="menu\OpenFolder.png"  iconsize="16,16"/>
    <MenuElement name="Attribute"  text="查看属性" width="130" icon="menu\Attribute.png"  iconsize="16,16"/>
  </Menu>
</Window>