<?xml version="1.0" encoding="utf-8" standalone="yes" ?>
<Window size="1200,105" caption="0,0,0,105" bktrans="true" richeditcorner="200,80,10,177" >
  <Font name="微软雅黑" size="14" default="true" />
  <Font name="微软雅黑" size="16"/>
  <Font name="微软雅黑" size="22"/>

  <VerticalLayout name="vlayout_background"   >
    <HorizontalLayout height="105"  >
      <TileLayout name="MoreList" bkimage="file='bk\bk32.png' source='0,0,950,60' dest='0,35,1500,105'" borderround="8,8"/>
      <Button name="closebtn" width="45" height="29" normalimage="file='title\close.png' source='0,0,45,29'" hotimage="file='title\close.png' source='45,0,90,29'" pushedimage="file='title\close.png' source='0,0,45,29'" tooltip="关闭"/>
    </HorizontalLayout>
  </VerticalLayout>
</Window>
