<?xml version="1.0" encoding="utf-8"?>
<Window showshadow="true" shadowimage="menu\shadow.png" shadowcorner="23,13,23,33">
  <Font name="微软雅黑" size="12" bold="false" default="true" />
  <Font name="微软雅黑" size="12" bold="true"/>

  <!-- Menu标签的属性要通过Default来定义，为了让下级菜单也能拥有同样的外观 -->
  <Default name="Menu" value="bordersize=&quot;1&quot; borderround=&quot;1,1&quot; bordercolor=&quot;0xFF303132&quot; inset=&quot;2,2,2,2&quot; itemtextpadding=&quot;30,0,0,0&quot; bkimage=&quot;file='menu\menu_bk.png' corner='26,2,2,2' source='6,6,44,24'&quot; itemselectedbkcolor=&quot;0xFF338ACA&quot;" />
  <!-- ExplandIcon属性定义了下级菜单的小图标的样子 -->
  <Default name="ExplandIcon" value="menu\menu_expand.png" />

  <Menu>
    <!--   <MenuElement height="66" width="166">
      <VerticalLayout bkcolor="#FFFFFFFE">
        <Button name="menuBtnTest" height="66"  width="166" normalimage="menu\check_normal.png" hotimage="menu\check_hover.png" pushedimage="menu\check_pressed.png"/>
      </VerticalLayout>
    </MenuElement>

<MenuElement name="Menu_Test1" text="菜单测试" width="166" icon="menu\right.png" iconsize="9,9" checkitem="true" ischeck="true" >
   <MenuElement name="Menu_Test2" text="菜单测试3-1" width="166" id="102" expland="true">
        <MenuElement text="菜单测试3-1-1"  width="166" icon="menu\Virus.png"  iconsize="16,16"/>
        <MenuElement text="菜单测试3-1-2" />
      </MenuElement>
      <MenuElement name="Menu_Test3" text="菜单测试3-2" width="166" icon="menu\right.png" iconsize="9,9" checkitem="true" ischeck="true" />
    </MenuElement> -->

  </Menu>
</Window>